timestamp	tier	agent	tool	action	outcome	gaps_addressed	pass	score
2026-08-16T00:00Z+I1	T2-agent-as-evaluator	research-agent	webfetch	DDG searches: BCA supervision framework / site supervision circular / SS 651 PTW	leads: BCA site-supervisor page, RSS Guidebook V2, SSP guidebook, MOM VSS, APPBCA-2026-11 mirror; SS 651 corrected to chemical SHMS	G1-lead;G7-lead	true	2
2026-08-16T00:00Z+I2	T2-agent-as-evaluator	research-agent	webfetch	MOM VSS page + Bing SS 590	VSS mandate captured (>=5M, specs, 30/180-day retention); Bing junk results	G2-partial	true	1
2026-08-16T00:00Z+I3	T2-agent-as-evaluator	research-agent	webfetch	BCA construction-site-records + REDAS circular PDF + tal.sg CoP URL	14 BCA record classes captured; REDAS PDF binary-unusable (cited partially-verified); CoP URL 404	G2-partial	true	1
2026-08-16T00:00Z+I4	T2-agent-as-evaluator	research-agent	task(general)	Competitor template citations (SafetyCulture/Intelex/Cority/Sphera/Enablon/SG-local)	21 verified template/product URLs; Yepar/KakiBuilder/Camms unverified-as-PTW-vendors	G5	true	1
2026-08-16T00:00Z+I5	T2-agent-as-evaluator	research-agent	task(general)	LTA/PEB/BOA/URA/SLA citations	LTA SHE + LTA.PROMPT + Railway Protection COP 2024 PDF; PEB gated; BOA/URA/SLA cited	G3-partial;G4	true	2
2026-08-16T00:00Z+I6	T2-agent-as-evaluator	research-agent	webfetch	WSH Act SSO full + MOM URL guesses	WSH Act TOC verified (s11/s14A/s21/s27/s28/s40B-C/s53); guess-URLs 404	G2-partial	true	1
2026-08-16T00:00Z+I7	T2-agent-as-evaluator	research-agent	webfetch	SSO SL index x2 + MOM WSH landing + accident hub + SHMS hub	exact statute citations (S663/2007; RG8; RG3; S607/2009; RG9); Tripartite Guideline PTW OPEC PDF found	G2;G7	true	2
2026-08-16T00:00Z+I8	T2-agent-as-evaluator	research-agent	webfetch	MOM what-and-when-to-report + risk-management + ConSASS + RA-review FAQ	10-day deadlines/penalties; RA model+forms+ACOP; ConSASS>=30M downloads; 3-year RA review	G2	true	1
2026-08-16T00:00Z+I9	T2-agent-as-evaluator	research-agent	webfetch	tal.sg CoP index + PDPC overview + bizSAFE	PDPA pointer; bizSAFE levels+RM checklist XLS verified; CoP index 500; SS590 left unverified	G6;G7	true	1
2026-08-16T00:00Z+FINAL	T2-agent-as-evaluator	research-agent	edit	research-regulatory.md finalised (7/7 categories, 7/7 gaps closed, Top-10 downloads)	all sections written; residual unverified flags documented	G1-G7	true	7
